{
    "acc_bias": [
        -0.1358,
        0.1304,
        -0.1251
    ],
    "acc_scale": [
        1,
        1,
        0.992
    ],
    "device_class": "controller",
    "device_pid": 8210,
    "device_serial_number": "LHR-F7DF1BC6",
    "device_vid": 10462,
    "gyro_bias": [
        -0.01495,
        0.01457,
        0.02644
    ],
    "gyro_scale": [
        1.0,
        1.0,
        1.0
    ],
    "htcComposeTime": "2019-11-29 14:18:17.336000",
    "lighthouse_config": {
        "channelMap": [
            0,
            1,
            2,
            3,
            4,
            5,
            6,
            7,
            8,
            9,
            10,
            11,
            12,
            13,
            14,
            15,
            16,
            17,
            18,
            19,
            20,
            21,
            22,
            23
        ],
        "modelNormals": [
            [
                -0.5913480520248413,
                0.31871703267097473,
                -0.7407610416412354
            ],
            [
                -0.7573763728141785,
                0.4692562520503998,
                -0.45407021045684814
            ],
            [
                -0.777337908744812,
                0.5316529273986816,
                -0.3362899720668793
            ],
            [
                -0.4884379506111145,
                0.8437519073486328,
                0.22251096367835999
            ],
            [
                0.7505170106887817,
                0.5302649736404419,
                -0.3943899869918823
            ],
            [
                -0.7505170106887817,
                0.5302649736404419,
                -0.3943899869918823
            ],
            [
                0,
                0.9245688915252686,
                0.38101494312286377
            ],
            [
                0.4884379506111145,
                0.8437519073486328,
                0.22251096367835999
            ],
            [
                0.777337908744812,
                0.5316529273986816,
                -0.3362899720668793
            ],
            [
                0.7573763728141785,
                0.4692562520503998,
                -0.45407021045684814
            ],
            [
                0.5913480520248413,
                0.31871703267097473,
                -0.7407610416412354
            ],
            [
                -0.5849689841270447,
                -0.8044440150260925,
                0.10334999859333038
            ],
            [
                0.01920900121331215,
                -0.6634160876274109,
                -0.7480040788650513
            ],
            [
                -0.6286242008209229,
                -0.6735491752624512,
                0.3887970745563507
            ],
            [
                0.09504295885562897,
                0.4070657789707184,
                0.9084405899047852
            ],
            [
                -0.4120441973209381,
                -0.5367212295532227,
                0.7363083362579346
            ],
            [
                0.6496122479438782,
                -0.5894832611083984,
                -0.48011818528175354
            ],
            [
                0,
                -0.4897621273994446,
                0.871856153011322
            ],
            [
                -0.6496122479438782,
                -0.5894832611083984,
                -0.48011818528175354
            ],
            [
                0.4120441973209381,
                -0.5367212295532227,
                0.7363083362579346
            ],
            [
                -0.09504295885562897,
                0.4070657789707184,
                0.9084405899047852
            ],
            [
                0.6286242008209229,
                -0.6735491752624512,
                0.3887970745563507
            ],
            [
                -0.01920900121331215,
                -0.6634160876274109,
                -0.7480040788650513
            ],
            [
                0.5849689841270447,
                -0.8044440150260925,
                0.10334999859333038
            ]
        ],
        "modelPoints": [
            [
                -0.03391404449939728,
                0.0713954046368599,
                -0.02200414426624775
            ],
            [
                -0.03631559759378433,
                0.08954468369483948,
                -0.008042430505156517
            ],
            [
                -0.052600275725126266,
                0.07574131339788437,
                0.007894746027886868
            ],
            [
                -0.027165407314896584,
                0.10278049856424332,
                0.032318420708179474
            ],
            [
                -0.029384847730398178,
                0.09467121958732605,
                0.0006803169962950051
            ],
            [
                0.029396435245871544,
                0.09461432695388794,
                0.0006847835029475391
            ],
            [
                0.000227771932259202,
                0.11078987270593643,
                0.03181685879826546
            ],
            [
                0.027180232107639313,
                0.10268034785985947,
                0.03249320387840271
            ],
            [
                0.05269623175263405,
                0.07568302005529404,
                0.007980789989233017
            ],
            [
                0.036291759461164474,
                0.0896986573934555,
                -0.007968001998960972
            ],
            [
                0.03385373577475548,
                0.07127288728952408,
                -0.02196750044822693
            ],
            [
                -0.03142603859305382,
                0.06520502269268036,
                -0.01661958359181881
            ],
            [
                -0.0455753430724144,
                0.0645456537604332,
                -0.003078385489061475
            ],
            [
                -0.05176513269543648,
                0.06748974323272705,
                0.015392596833407879
            ],
            [
                -0.04562217742204666,
                0.07725849747657776,
                0.0195569209754467
            ],
            [
                -0.030614381656050682,
                0.09328017383813858,
                0.030719928443431854
            ],
            [
                -0.01520233228802681,
                0.08408886939287186,
                0.022364826872944832
            ],
            [
                -4.870315387961455e-05,
                0.05528382956981659,
                -0.013927034102380276
            ],
            [
                0.015112790279090405,
                0.08428394794464111,
                0.022157637402415276
            ],
            [
                0.030957134440541267,
                0.09313130378723145,
                0.0304386205971241
            ],
            [
                0.04572619870305061,
                0.07752828299999237,
                0.019667161628603935
            ],
            [
                0.05198531597852707,
                0.0675373300909996,
                0.015340562909841537
            ],
            [
                0.04546378552913666,
                0.06470351666212082,
                -0.0030181703623384237
            ],
            [
                0.0309002622961998,
                0.06480323523283005,
                -0.016820581629872322
            ]
        ]
    },
    "manufacturer": "HTC",
    "model_number": "Vive. Controller MV",
    "render_model": "vr_controller_vive_1_5",
    "revision": 1,
    "trackref_from_head": [
        0,
        0.7253744006156921,
        -0.6883545517921448,
        0,
        0,
        0.07100000232458115,
        -0.03099999949336052
    ],