{
    "acc_bias": [
        0.04718,
        -0.03037,
        -0.4936
    ],
    "acc_scale": [
        1,
        0.9992,
        0.9984
    ],
    "device": {
        "eye_target_height_in_pixels": 1080,
        "eye_target_width_in_pixels": 960,
        "first_eye": "eEYE_LEFT",
        "last_eye": "eEYE_RIGHT",
        "num_windows": 1,
        "persistence": 0.011110999621450901,
        "physical_aspect_x_over_y": 0.8999999761581421
    },
    "device_class": "hmd",
    "device_pid": 8192,
    "device_serial_number": "LHR-XXXXXXXX",
    "device_vid": 10462,
    "display_edid": [
        "",
        ""
    ],
    "display_gc": {
        "black_clamp": 0.0117647061124444
    },
    "display_mc": {
        "left": "Green_4A7A16BF005157_mura_analyzes.mc",
        "offset": -0.49803921580314636,
        "right": "Green_4A8A16BB006298_mura_analyzes.mc",
        "scale": 0.125,
        "type": 1
    },
    "gyro_bias": [
        -0.01495,
        0.01457,
        0.02644
    ],
    "gyro_scale": [
        1.0,
        1.0,
        1.0
    ],
    "htcComposeTime": "2019-06-14 15:23:43.529000",
    "imu": {
        "acc_bias": [
            0.06885,
            0.0754,
            -0.2812
        ],
        "acc_scale": [
            1.001,
            1,
            0.9946
        ],
        "gyro_bias": [
            0.01724,
            -0.0009767,
            -0.01067
        ],
        "gyro_scale": [
            1.0,
            1.0,
            1.0
        ],
        "plus_x": [
            3.422854177870249e-08,
            -0.9999999657714582,
            0
        ],
        "plus_z": [
            0,
            0,
            -0.9999999315429164
        ],
        "position": [
            0.010058400221168995,
            0.018336530774831772,
            0.06172512099146843
        ]
    },
    "lighthouse_config": {
        "channelMap": [
            0,
            1,
            2,
            3,
            4,
            5,
            6,
            7,
            8,
            9,
            10,
            11,
            12,
            13,
            14,
            15,
            16,
            17,
            18,
            19,
            20,
            21,
            22,
            23
        ],
        "modelNormals": [
            [
                -0.5913480520248413,
                0.31871703267097473,
                -0.7407610416412354
            ],
            [
                -0.7573763728141785,
                0.4692562520503998,
                -0.45407021045684814
            ],
            [
                -0.777337908744812,
                0.5316529273986816,
                -0.3362899720668793
            ],
            [
                -0.4884379506111145,
                0.8437519073486328,
                0.22251096367835999
            ],
            [
                0.7505170106887817,
                0.5302649736404419,
                -0.3943899869918823
            ],
            [
                -0.7505170106887817,
                0.5302649736404419,
                -0.3943899869918823
            ],
            [
                0,
                0.9245688915252686,
                0.38101494312286377
            ],
            [
                0.4884379506111145,
                0.8437519073486328,
                0.22251096367835999
            ],
            [
                0.777337908744812,
                0.5316529273986816,
                -0.3362899720668793
            ],
            [
                0.7573763728141785,
                0.4692562520503998,
                -0.45407021045684814
            ],
            [
                0.5913480520248413,
                0.31871703267097473,
                -0.7407610416412354
            ],
            [
                -0.5849689841270447,
                -0.8044440150260925,
                0.10334999859333038
            ],
            [
                0.01920900121331215,
                -0.6634160876274109,
                -0.7480040788650513
            ],
            [
                -0.6286242008209229,
                -0.6735491752624512,
                0.3887970745563507
            ],
            [
                0.09504295885562897,
                0.4070657789707184,
                0.9084405899047852
            ],
            [
                -0.4120441973209381,
                -0.5367212295532227,
                0.7363083362579346
            ],
            [
                0.6496122479438782,
                -0.5894832611083984,
                -0.48011818528175354
            ],
            [
                0,
                -0.4897621273994446,
                0.871856153011322
            ],
            [
                -0.6496122479438782,
                -0.5894832611083984,
                -0.48011818528175354
            ],
            [
                0.4120441973209381,
                -0.5367212295532227,
                0.7363083362579346
            ],
            [
                -0.09504295885562897,
                0.4070657789707184,
                0.9084405899047852
            ],
            [
                0.6286242008209229,
                -0.6735491752624512,
                0.3887970745563507
            ],
            [
                -0.01920900121331215,
                -0.6634160876274109,
                -0.7480040788650513
            ],
            [
                0.5849689841270447,
                -0.8044440150260925,
                0.10334999859333038
            ]
        ],