{
    "acc_bias": [
        0.04994,
        0.06943,
        -0.06386
    ],
    "acc_scale": [
        0.9999,
        1,
        0.9992
    ],
    "device_class": "controller",
    "device_pid": 8210,
    "device_serial_number": "LHR-FF6A7FC5",
    "device_vid": 10462,
    "gyro_bias": [
        -0.008591,
        -0.003957,
        -0.03164
    ],
    "gyro_scale": [
        1.0,
        1.0,
        1.0
    ],
    "htcComposeTime": "2019-11-29 12:21:55.720000",
    "lighthouse_config": {
        "channelMap": [
            0,
            1,
            2,
            3,
            4,
            5,
            6,
            7,
            8,
            9,
            10,
            11,
            12,
            13,
            14,
            15,
            16,
            17,
            18,
            19,
            20,
            21,
            22,
            23
        ],
        "modelNormals": [
            [
                -0.5913480520248413,
                0.31871703267097473,
                -0.7407610416412354
            ],
            [
                -0.7573763728141785,
                0.4692562520503998,
                -0.45407021045684814
            ],
            [
                -0.777337908744812,
                0.5316529273986816,
                -0.3362899720668793
            ],
            [
                -0.4884379506111145,
                0.8437519073486328,
                0.22251096367835999
            ],
            [
                0.7505170106887817,
                0.5302649736404419,
                -0.3943899869918823
            ],
            [
                -0.7505170106887817,
                0.5302649736404419,
                -0.3943899869918823
            ],
            [
                0,
                0.9245688915252686,
                0.38101494312286377
            ],
            [
                0.4884379506111145,
                0.8437519073486328,
                0.22251096367835999
            ],
            [
                0.777337908744812,
                0.5316529273986816,
                -0.3362899720668793
            ],
            [
                0.7573763728141785,
                0.4692562520503998,
                -0.45407021045684814
            ],
            [
                0.5913480520248413,
                0.31871703267097473,
                -0.7407610416412354
            ],
            [
                -0.5849689841270447,
                -0.8044440150260925,
                0.10334999859333038
            ],
            [
                0.01920900121331215,
                -0.6634160876274109,
                -0.7480040788650513
            ],
            [
                -0.6286242008209229,
                -0.6735491752624512,
                0.3887970745563507
            ],
            [
                0.09504295885562897,
                0.4070657789707184,
                0.9084405899047852
            ],
            [
                -0.4120441973209381,
                -0.5367212295532227,
                0.7363083362579346
            ],
            [
                0.6496122479438782,
                -0.5894832611083984,
                -0.48011818528175354
            ],
            [
                0,
                -0.4897621273994446,
                0.871856153011322
            ],
            [
                -0.6496122479438782,
                -0.5894832611083984,
                -0.48011818528175354
            ],
            [
                0.4120441973209381,
                -0.5367212295532227,
                0.7363083362579346
            ],
            [
                -0.09504295885562897,
                0.4070657789707184,
                0.9084405899047852
            ],
            [
                0.6286242008209229,
                -0.6735491752624512,
                0.3887970745563507
            ],
            [
                -0.01920900121331215,
                -0.6634160876274109,
                -0.7480040788650513
            ],
            [
                0.5849689841270447,
                -0.8044440150260925,
                0.10334999859333038
            ]
        ],
        "modelPoints": [
            [
                -0.033976852893829346,
                0.07132331281900406,
                -0.02200091816484928
            ],
            [
                -0.036345772445201874,
                0.08959032595157623,
                -0.007918485440313816
            ],
            [
                -0.052728310227394104,
                0.07573923468589783,
                0.008045095019042492
            ],
            [
                -0.027244193479418755,
                0.10276784002780914,
                0.032348547130823135
            ],
            [
                -0.02945498563349247,
                0.0947420671582222,
                0.0007203430286608636
            ],
            [
                0.029437892138957977,
                0.09467253088951111,
                0.000662617792841047
            ],
            [
                0.0001984999398700893,
                0.11084281653165817,
                0.03173689544200897
            ],
            [
                0.027303924784064293,
                0.10264202952384949,
                0.03257603198289871
            ],
            [
                0.052665162831544876,
                0.07589010894298553,
                0.007781864143908024
            ],
            [
                0.03626478835940361,
                0.08958263695240021,
                -0.008225170895457268
            ],
            [
                0.03404468670487404,
                0.07100028544664383,
                -0.021954387426376343
            ],
            [
                -0.031246747821569443,
                0.06523410230875015,
                -0.016524648293852806
            ],
            [
                -0.04560070484876633,
                0.06458554416894913,
                -0.003056589514017105
            ],
            [
                -0.05177582427859306,
                0.06755954772233963,
                0.015243948437273502
            ],
            [
                -0.045660220086574554,
                0.0772152841091156,
                0.019511926919221878
            ],
            [
                -0.03060332126915455,
                0.09316664189100266,
                0.03068826161324978
            ],
            [
                -0.015237265266478062,
                0.08408965915441513,
                0.022352715954184532
            ],
            [
                6.132149428594857e-05,
                0.055448535829782486,
                -0.01392302941530943
            ],
            [
                0.015172800049185753,
                0.08423373848199844,
                0.02203051932156086
            ],
            [
                0.03085062839090824,
                0.09303070604801178,
                0.03057178109884262
            ],
            [
                0.045778967440128326,
                0.07747211307287216,
                0.01959463581442833
            ],
            [
                0.0518205501139164,
                0.06757239252328873,
                0.015478738583624363
            ],
            [
                0.04535290598869324,
                0.06461600959300995,
                -0.003052040468901396
            ],
            [
                0.0310796108096838,
                0.06499417871236801,
                -0.016627194359898567
            ]
        ]
    },
    "manufacturer": "HTC",
    "model_number": "Vive. Controller MV",
    "render_model": "vr_controller_vive_1_5",
    "revision": 1,
    "trackref_from_head": [
        0,
        0.7253744006156921,
        -0.6883545517921448,
        0,
        0,
        0.07100000232458115,
        -0.03099999949336052
    ],